flight_NO|airplane|cost|date|arrival_time|departure_time|destination|continent|airline_ID|paradise_offer_ID
0|7L 1U8UCK|790|2000-01-30|19|10|New Bruceside, Bahamas|North America|0|0
1|1L208|441|1991-09-27|15|8|West Paultown, South Georgia and the South Sandwich Islands|Africa|1|1
2|951-239|454|2008-04-05|11|3|New Jeffery, Guatemala|Europe|2|2
3|VE-9592|452|2006-04-21|6|3|New Eduardo, Svalbard & Jan Mayen Islands|Australia|3|3
4|90-A814|361|2001-03-23|11|3|West Feliciashire, Malaysia|Asia|4|4
5|ZDP 392|501|2012-03-04|7|3|Sharonside, Switzerland|Europe|5|5
6|815-ZOD|352|1999-09-08|11|8|Donaldfort, Comoros|Australia|6|6
7|BL9 B1P|333|2020-02-26|9|2|Lake Dianahaven, Monaco|North America|7|7
8|868 3WR|289|2000-12-03|13|2|Derekborough, French Guiana|Antarctica|8|8
9|NMN-6170|790|2008-01-09|1|0|West Annafurt, Gambia|Asia|9|9
10|ZYJ-0803|637|1994-05-06|13|4|Patriciashire, Mauritania|Africa|10|10
11|KUK 080|273|1992-11-30|6|5|Paulstad, Martinique|Asia|11|11
12|882VNX|263|2008-08-14|16|8|Erinton, United States Minor Outlying Islands|North America|12|12
13|2D O3513|704|2008-02-29|11|0|New Danielle, American Samoa|Asia|13|13
14|140 MGW|288|1999-06-28|10|6|Traceyfurt, Sweden|Antarctica|14|14
15|9L 3M9BEE|592|2014-01-21|11|6|Nicolechester, Pitcairn Islands|North America|15|15
16|434 6WU|788|2014-10-18|12|10|South Madisonfurt, Fiji|Africa|16|16
17|MYP 490|518|2012-08-17|6|2|Williamsmouth, Brunei Darussalam|North America|17|17
18|11WH1|217|1996-09-19|18|7|Jonesside, Greece|Asia|18|18
19|ZXI 648|265|2001-01-20|18|7|Melissaview, Botswana|Africa|19|19
20|6-3187D|306|1998-02-21|8|2|New Wendy, Latvia|North America|20|20
21|062-DDH|365|1994-02-26|11|7|East Ryanstad, Kazakhstan|South America|21|21
22|EOT-0833|418|2015-12-22|7|1|Bradleytown, Yemen|Africa|22|22
23|KIF 573|364|2013-03-24|12|9|South Normanport, Macedonia|Asia|23|23
24|357-HFU|569|1992-03-03|8|7|Jonesbury, Netherlands Antilles|Asia|24|24
25|JRF 2850|304|1995-02-06|17|9|South Apriltown, Nicaragua|Africa|25|25
26|5FX 502|494|1994-11-03|7|1|North Patrick, Monaco|Antarctica|26|26
27|1MYS309|717|2009-11-15|10|9|North Deborahfort, Vietnam|Antarctica|27|27
28|496 7UM|201|2016-10-05|12|4|Lake Tracy, El Salvador|Africa|28|28
29|7UO 278|679|2021-03-26|9|0|Jeffreyport, Northern Mariana Islands|Europe|29|29
30|FMI 250|476|2005-12-31|15|9|Douglasmouth, Isle of Man|Asia|30|30
31|RHM2536|522|2005-08-21|18|9|Murraymouth, Kenya|Africa|31|31
32|562-OLK|615|2015-12-02|9|8|East Jay, Comoros|South America|32|32
33|395-786|323|2004-01-24|7|5|Jasonberg, Latvia|Africa|33|33
34|RUO J96|380|1993-01-15|15|5|East Matthew, Tuvalu|Europe|34|34
35|HVM 862|477|2006-05-20|8|4|Lake Jamieshire, Papua New Guinea|Australia|35|35
36|KIX 926|562|2010-11-16|11|4|East Robert, Lao People's Democratic Republic|Asia|36|36
37|27X 5998|497|2016-04-30|11|3|Lake Coltonland, Belize|North America|37|37
38|155 ABK|675|1998-03-20|18|10|East Kyle, Bahrain|Africa|38|38
39|97T K75|350|2015-04-02|4|1|West Kevin, Spain|Antarctica|39|39
40|FEF-618|652|2012-05-06|18|8|Mooreside, Nigeria|Europe|40|40
41|W12-IWH|283|2006-06-13|13|5|Port Benjaminfurt, Lebanon|Europe|41|41
42|0PF Y95|782|2006-04-24|8|2|South Patricia, Liechtenstein|South America|42|42
43|5SL15|321|1993-08-27|16|5|East Claire, Philippines|Australia|43|43
44|EDZ 354|514|2015-07-08|16|9|West Carriefort, Andorra|Australia|44|44
45|S25-43N|444|2008-10-11|11|2|Tinatown, Liechtenstein|Antarctica|45|45
46|344 FBU|563|2006-08-02|17|7|Morganview, San Marino|Africa|46|46
47|7-1580V|489|1995-10-03|10|1|Lake Ashleyport, Hong Kong|South America|47|47
48|P 660465|274|2003-10-16|12|10|Russellmouth, Bulgaria|Africa|48|48
49|8XI 374|646|2000-05-20|6|3|South Samanthaland, Sri Lanka|South America|49|49
50|1KQ02|727|2018-09-28|11|2|East Charlesstad, Bahrain|Antarctica|50|50
51|SZH 110|570|2015-11-30|14|10|Lake Lindsayland, Cape Verde|North America|51|51
52|5UO 191|282|1993-03-22|15|10|East Samantha, Vanuatu|North America|52|52
53|106-FCW|429|2018-03-30|13|6|East Brendan, Belgium|North America|53|53
54|373-KUQ|234|2015-05-29|7|4|Jacobsburgh, Latvia|South America|54|54
55|072XVS|400|2008-07-31|13|8|North Gregoryborough, Estonia|Africa|55|55
56|RS 3113|222|1997-09-03|11|8|Katelynbury, Central African Republic|Asia|56|56
57|USJ 968|365|2013-02-08|8|4|Jefferyview, Sweden|Europe|57|57
58|8XH 044|786|2016-12-22|16|9|North Bryan, Lithuania|Europe|58|58
59|9XB 617|586|1991-09-20|3|2|West Briannastad, Qatar|Europe|59|59
60|1T945|267|2006-08-25|1|0|Judyfort, Heard Island and McDonald Islands|Australia|60|60
61|JYP-5833|223|2011-04-16|12|2|North Hannah, Ireland|North America|61|61
62|756 7772|537|1996-02-22|9|5|Barnestown, Tunisia|North America|62|62
63|ZKM2650|372|2006-02-02|8|4|East Brittany, Colombia|Asia|63|63
64|6D A7245|606|1998-01-14|15|5|South Philipport, Switzerland|South America|64|64
65|IHG-7976|493|2006-02-11|9|7|South Tanya, Bahamas|Africa|65|65
66|579 DC4|608|1996-02-15|3|0|New Sherry, Spain|Australia|66|66
67|0N P4254|300|2014-08-02|2|1|Carrberg, Malta|Australia|67|67
68|259KXL|779|2007-06-03|8|5|North Sergiochester, Egypt|Asia|68|68
69|3K 57485|523|2010-12-13|12|8|Hollyberg, Gibraltar|North America|69|69
70|SHW-9933|612|2007-12-07|10|0|Zamoramouth, Madagascar|Australia|70|70
71|MY-2951|556|2009-04-26|10|2|Fordview, Bangladesh|Africa|71|71
72|34-MY25|432|2020-02-26|15|9|South Johntown, Greece|Australia|72|72
73|824 TP5|711|2007-10-20|5|0|Cassandraside, Cook Islands|Europe|73|73
74|G14 0TT|257|2016-05-02|16|9|New Lauren, Finland|Africa|74|74
75|66Z 0443|529|1996-03-18|19|8|Anthonychester, Belgium|Europe|75|75
76|768 OYE|274|1996-08-25|19|8|Blakeville, Vietnam|South America|76|76
77|397OI|796|2000-12-30|16|10|New David, Zimbabwe|North America|77|77
78|875 DBK|246|1996-02-18|18|9|Mariefurt, Mayotte|Europe|78|78
79|6562|424|2002-06-03|17|9|Lake Justinshire, Saudi Arabia|Antarctica|79|79
80|080-271|661|1993-08-14|21|10|East Curtis, Central African Republic|Antarctica|80|80
81|555-HCY|702|1994-01-26|6|2|Cooperland, Lithuania|Africa|81|81
82|RB6 Q2N|205|2009-12-16|7|1|Port Jaredburgh, Brazil|Africa|82|82
83|3-3080I|417|1993-02-04|2|0|South Bobby, Cyprus|Africa|83|83
84|2-2855H|762|2004-06-29|10|1|Smithport, Lithuania|South America|84|84
85|6810|303|1998-02-13|18|8|East Jeromefort, Albania|Antarctica|85|85
86|9WC 582|344|2004-10-27|15|4|East Amanda, United States Virgin Islands|Africa|86|86
87|XTJ-4858|552|2004-07-11|14|6|Port James, Netherlands|Australia|87|87
88|KG 54614|412|2006-09-04|7|6|South Carriehaven, Sierra Leone|Australia|88|88
89|GF6 D1B|386|2016-08-01|11|0|East Kathleen, Saint Pierre and Miquelon|Europe|89|89
90|394-JWV|469|2003-08-04|9|5|Brownbury, Mongolia|Europe|90|90
91|GQ 04032|383|2020-08-01|19|9|Jamiefurt, Saint Helena|Europe|91|91
92|9277 OM|508|2010-05-23|17|8|Laurabury, Belarus|Europe|92|92
93|90D AA0|622|2000-08-22|19|10|West Seanshire, Cayman Islands|Antarctica|93|93
94|BL-3365|685|1993-11-24|3|1|Roberttown, French Southern Territories|Europe|94|94
95|01-42473|551|1995-05-28|15|6|South Gregville, Benin|Australia|95|95
96|9HO 844|418|1992-01-29|6|3|Brownberg, Cuba|South America|96|96
97|007-MVM|554|2006-01-09|13|4|Gutierreztown, Montserrat|Europe|97|97
98|447 VCY|535|1998-03-17|7|4|Andrewview, Tunisia|Europe|98|98
99|MHW 700|289|2021-01-11|9|5|Hansenfort, Somalia|Australia|99|99
100|1W 9X5BJL|285|2006-11-01|10|4|Stephensstad, Palestinian Territory|South America|100|100
101|255 XRR|491|2005-02-27|9|2|New Richard, Lao People's Democratic Republic|Africa|101|101
102|2YJ 786|415|2003-07-28|7|4|Millerview, Turks and Caicos Islands|South America|102|102
103|KLU7782|682|1992-10-06|5|3|Williamberg, Nepal|Asia|103|103
104|2RUX 92|569|2019-01-31|5|2|Port Heather, Belgium|Antarctica|104|104
105|88-0819D|418|1991-06-13|9|3|Sarahburgh, Saint Vincent and the Grenadines|Australia|105|105
106|1V 5W5ZKP|497|2009-12-20|11|7|Millsfurt, Cyprus|Antarctica|106|106
107|613 7LX|795|1996-08-09|10|4|Lake Aaron, South Africa|Europe|107|107
108|143-ZDPE|612|2017-01-09|7|4|Turnerborough, Mauritania|Europe|108|108
109|D00 4GA|718|1995-06-06|14|5|East Maria, Pitcairn Islands|Africa|109|109
110|CIO-165|207|2013-10-26|12|6|Smithport, Guam|North America|110|110
111|699-LGJ|259|2007-08-03|8|0|Lake Traviston, Luxembourg|Africa|111|111
112|768 LAI|395|2017-07-02|15|9|South Haleystad, Yemen|Africa|112|112
113|0P607|486|2017-02-19|17|8|South Johnnyland, Belize|Australia|113|113
114|17X 6539|664|2007-04-12|9|6|West Kylemouth, Cuba|Australia|114|114
115|29N DA0|285|2008-07-15|17|6|Jonesburgh, Kyrgyz Republic|South America|115|115
116|680WS|381|1999-12-04|12|9|Lake Zacharyburgh, United Arab Emirates|Antarctica|116|116
117|04-JF95|377|2005-10-30|18|8|Lake Ericland, Congo|Australia|117|117
118|626-PHA|222|1992-10-20|15|4|Ianmouth, Tonga|Europe|118|118
119|7S371|652|1994-10-06|20|9|East David, Yemen|Australia|119|119
120|77S A56|665|1992-01-04|9|1|Cynthiaville, Italy|Europe|120|120
121|B61-INR|469|1993-07-11|11|7|West Nataliestad, Lebanon|Europe|121|121
122|QH0 E2D|326|1994-04-01|7|3|Lake James, Palestinian Territory|Asia|122|122
123|712 LRI|321|2011-02-12|11|2|Wilsonton, Djibouti|Africa|123|123
124|E 426050|743|2008-09-01|10|5|North Aliciaview, Mozambique|Australia|124|124
125|AJZ 2537|440|2018-07-28|16|10|East Elizabeth, Lesotho|Antarctica|125|125
126|688-GDF|358|2020-07-11|11|6|East Elizabethhaven, Cameroon|Europe|126|126
127|7-8192C|420|1999-09-19|11|2|Francostad, Wallis and Futuna|Europe|127|127
128|6I NB056|646|1992-04-01|16|10|Lake Jessica, Holy See (Vatican City State)|South America|128|128
129|OTH 279|510|2018-03-16|16|5|Lucasburgh, Dominican Republic|Asia|129|129
130|47Q 169|421|1992-05-12|8|2|Jonesland, Romania|Africa|130|130
131|YU 0546|742|2000-11-12|7|3|Santosmouth, Gabon|North America|131|131
132|TKJ-787|377|2004-06-12|8|7|South Matthew, Puerto Rico|Africa|132|132
133|KRQ-914|440|2012-09-18|7|6|Sarahport, Nauru|South America|133|133
134|393 HKK|747|2003-03-03|10|8|Jamesmouth, Malaysia|North America|134|134
135|449N6|746|2014-02-04|10|3|Port Chloe, Solomon Islands|Australia|135|135
136|ZYW4358|613|2010-02-14|20|10|Jamesmouth, Morocco|Asia|136|136
137|FDX 433|330|2011-08-30|9|5|Isaacfort, Holy See (Vatican City State)|South America|137|137
138|74M 9785|425|1996-04-15|13|9|Catherineview, British Virgin Islands|North America|138|138
139|1RM A34|708|2008-02-26|4|3|Donovanside, Mozambique|Asia|139|139
140|634QS|631|1993-01-16|14|6|Fullerfort, Nauru|Antarctica|140|140
141|PNM K12|729|1997-06-21|2|0|West Kathleenton, Armenia|Asia|141|141
142|842-IDR|266|2017-12-24|14|8|Lake Gloriaborough, Armenia|Australia|142|142
143|01SB5|243|2012-07-21|8|4|Justinbury, Djibouti|Australia|143|143
144|4T TS853|643|1996-06-21|12|1|New Breannabury, Chile|South America|144|144
145|021-GRT|227|2010-09-30|13|4|Lisaville, Bhutan|Australia|145|145
146|33N 7922|357|1998-10-22|13|8|Danielbury, Paraguay|South America|146|146
147|673 NST|425|1999-03-18|11|8|Port Christophermouth, Kenya|South America|147|147
148|XMT 608|436|2017-05-04|6|3|Jamiefort, Jordan|South America|148|148
149|KKA 7896|281|2019-10-31|16|9|Obrienstad, Cambodia|Asia|149|149
150|CTW6263|629|1998-09-22|15|10|Michaelview, Egypt|Antarctica|150|150
151|970-JHM|537|2014-09-01|11|5|Lake Heidi, Korea|Africa|151|151
152|955-ZAM|663|2004-04-09|9|3|South Samuelmouth, United States of America|Asia|152|152
153|CNI 534|525|2003-10-13|21|10|Timothyburgh, Cyprus|Australia|153|153
154|9UQ 830|391|2004-04-15|13|10|Brandonbury, Bermuda|South America|154|154
155|FCT8041|764|2009-03-07|8|0|Shawnport, Cambodia|Asia|155|155
156|2-I3642|265|2009-01-07|11|0|East Monicaton, Montenegro|Antarctica|156|156
157|ZZX 248|465|2007-04-24|5|4|Jacobsonbury, Andorra|Africa|157|157
158|T 111428|257|1995-07-14|5|1|Transtad, Saint Kitts and Nevis|Antarctica|158|158
159|KER 230|502|2002-05-20|12|4|Port Joseph, Suriname|Australia|159|159
160|622 QQB|317|1992-12-14|7|2|Mooreberg, Dominican Republic|Asia|160|160
161|47L S37|615|1997-04-08|9|1|Lake Johnton, Bangladesh|North America|161|161
162|7EA J87|398|2014-05-12|19|8|Piercefurt, Tuvalu|North America|162|162
163|OUQ 5996|783|2016-11-18|7|3|Alexandrachester, Chad|Europe|163|163
164|319-PEZB|769|2003-10-25|5|0|Darrellchester, Hong Kong|Australia|164|164
165|5JL A73|597|2016-11-02|14|6|East Ryanberg, Korea|Australia|165|165
166|2ZY X46|752|1999-08-18|17|6|North Rachel, United Kingdom|Asia|166|166
167|76-I775|356|1998-04-10|10|9|Andersonton, Ecuador|Asia|167|167
168|UD 4505|224|2007-02-18|12|10|Eatonchester, Belarus|Antarctica|168|168
169|58J 870|618|2020-11-11|18|9|Jonesmouth, Congo|South America|169|169
170|128 QFA|708|2000-06-25|15|10|North Williamhaven, Holy See (Vatican City State)|Asia|170|170
171|7659|455|2006-12-21|6|4|Christyport, Heard Island and McDonald Islands|South America|171|171
172|177ZQS|695|2006-01-21|12|10|Lake Kimberlyshire, Macedonia|North America|172|172
173|742-EMK|608|1996-02-24|11|1|North Christina, Falkland Islands (Malvinas)|North America|173|173
174|HBB 402|673|1997-12-05|13|4|Hudsonchester, South Georgia and the South Sandwich Islands|Europe|174|174
175|NRS 430|786|1993-07-25|18|8|Port Benjamin, Saint Lucia|Antarctica|175|175
176|727-ZCH|244|1995-03-13|9|6|Lake Stevemouth, New Zealand|Asia|176|176
177|LPI 988|615|2019-01-07|12|2|Crystalmouth, Mali|Europe|177|177
178|VVW 984|263|2018-09-27|15|10|East Lisa, Jordan|Australia|178|178
179|476-IKQ|435|1993-01-20|8|7|Laurieview, Botswana|South America|179|179
180|RH 3372|421|1994-08-31|12|5|Robertfurt, Italy|Africa|180|180
181|541-329|757|2007-09-06|8|2|Port Leeton, Jordan|Antarctica|181|181
182|NE0 N5P|682|2003-11-29|10|4|West Joefort, Vanuatu|South America|182|182
183|SGM 634|356|1999-08-02|12|10|West Erik, Greece|South America|183|183
184|1MC D10|596|1996-05-31|10|6|Vasquezland, Vietnam|North America|184|184
185|UEB-0720|414|1995-11-07|17|10|Tonyastad, Philippines|Africa|185|185
186|5W910|610|1996-12-06|11|10|Markton, Mozambique|Europe|186|186
187|326-BTA|545|2019-05-09|13|6|Rodriguezshire, French Guiana|Australia|187|187
188|42Q CT1|753|2007-01-15|12|4|Erichaven, Bhutan|Africa|188|188
189|THW-4065|747|2013-12-08|11|2|Lake Thomas, Korea|Asia|189|189
190|466 QJ3|316|2018-05-02|15|9|Elizabethborough, Dominican Republic|Asia|190|190
191|220 1091|687|1996-05-02|9|2|South Davidland, Finland|South America|191|191
192|55-93766|606|1995-06-25|16|10|Sharonborough, Ukraine|South America|192|192
193|U63-BLF|288|2003-01-19|3|0|North Anthonyview, Iceland|Australia|193|193
194|LPO 657|518|1995-10-31|12|1|Juliechester, Palestinian Territory|Australia|194|194
195|202 YSW|508|1999-11-02|13|10|Davismouth, Cameroon|South America|195|195
196|974 EHQ|708|1998-03-11|11|6|South Benjamin, Algeria|South America|196|196
197|LWK-9550|457|1994-11-13|16|6|Ingramhaven, Cook Islands|North America|197|197
198|8E K4868|586|2011-05-27|4|0|South Kayla, Saint Martin|Africa|198|198
199|848 OXS|756|2017-01-09|3|0|Williamsmouth, Andorra|Europe|199|199
200|1-76799S|246|1999-03-03|9|5|Marybury, Korea|North America|200|200
201|JU0 3946|736|2000-05-03|7|3|New Jermainebury, Zambia|Australia|201|201
202|06-HM01|571|2018-08-11|9|8|Amandaside, Wallis and Futuna|Europe|202|202
203|84-9079A|360|1998-07-28|9|3|Kimberlybury, Uzbekistan|Europe|203|203
204|283-RXK|587|1991-10-17|8|4|Millerbury, Yemen|Africa|204|204
205|424-ADE|712|2014-03-02|21|10|Robertchester, Costa Rica|South America|205|205
206|FLD 448|515|2014-11-03|7|2|North Tonyaville, Timor-Leste|Antarctica|206|206
207|4HC2175|346|1995-06-11|12|5|Dixonfort, Paraguay|Australia|207|207
208|51I ZC5|633|1997-04-24|15|5|Drakeside, Western Sahara|Africa|208|208
209|XA 91122|665|2002-12-13|8|7|New Lisa, Marshall Islands|Antarctica|209|209
210|MPY 505|521|2020-05-08|8|6|Sparkschester, Bosnia and Herzegovina|Antarctica|210|210
211|323 YZM|428|2012-06-10|13|6|Ayalaland, Samoa|Europe|211|211
212|7V 6Y5PRY|488|2013-03-04|5|0|Jameston, Argentina|Africa|212|212
213|95-GA05|584|2013-05-19|4|2|Roberttown, Germany|Asia|213|213
214|121 9881|220|2011-06-26|4|0|South Troy, Mexico|South America|214|214
215|1YK 905|311|1999-09-06|16|10|Amandachester, French Polynesia|Antarctica|215|215
216|DBJ2462|214|2000-11-10|5|3|Melissaland, Malta|North America|216|216
217|44C P60|613|1992-03-13|10|0|Markland, Trinidad and Tobago|North America|217|217
218|QTT1511|607|2000-04-19|13|5|Lucasville, Cocos (Keeling) Islands|Africa|218|218
219|130 4GS|286|2001-11-28|11|4|Port Jennifershire, Trinidad and Tobago|Europe|219|219
220|RJR 416|299|2016-11-27|14|7|West Samanthachester, Bermuda|Africa|220|220
221|02KI1|332|1994-07-09|7|0|North Patriciaton, Latvia|Asia|221|221
222|14M R29|318|2010-05-28|8|5|North Matthew, Colombia|Asia|222|222
223|SWD 073|786|2016-02-08|13|6|East Joann, Swaziland|Europe|223|223
224|3Q608|313|2021-01-31|9|7|Barbaraborough, Lithuania|North America|224|224
225|HBN-3963|311|2019-05-20|18|9|Maxfurt, Namibia|Australia|225|225
226|4-43916S|510|1999-12-27|4|1|Smithville, Iraq|South America|226|226
227|2GX I92|355|2019-01-08|15|7|Lake Johnton, Djibouti|Africa|227|227
228|01X 6234|396|1995-02-21|5|4|Lake Jasonville, Switzerland|Australia|228|228
229|AND-5372|476|1996-04-23|13|2|Port Miguelchester, Honduras|South America|229|229
230|47QV3|270|2020-06-29|12|2|East Paul, Comoros|Australia|230|230
231|7VH74|420|2006-03-12|17|10|West Aaronmouth, Cayman Islands|North America|231|231
232|7ZBX843|583|2005-05-17|5|4|West Donaldview, Christmas Island|North America|232|232
233|YAP 819|459|2006-10-09|7|6|Kevinbury, Korea|Australia|233|233
234|W 476427|216|1998-10-25|13|8|Conwaytown, Slovakia (Slovak Republic)|Africa|234|234
235|6U 3882P|768|1995-01-17|14|6|Jenniferhaven, Equatorial Guinea|Asia|235|235
236|DIV 846|633|1992-01-01|9|3|New Susanville, Dominican Republic|Africa|236|236
237|899IZH|461|2018-06-30|4|1|Lake Tyler, Malta|North America|237|237
238|5EA8695|696|1991-05-12|9|2|Leeville, Saint Martin|Australia|238|238
239|449 XYN|622|1998-02-04|12|2|Santiagoshire, Monaco|Antarctica|239|239
240|793 DM3|243|2002-05-11|9|1|Port Matthewfort, Senegal|North America|240|240
241|7R 3680K|732|2014-10-11|8|0|North Annetteberg, Djibouti|Europe|241|241
242|3-76811B|478|2014-06-24|9|6|Higginsbury, Saint Pierre and Miquelon|Australia|242|242
243|1G L0409|377|2005-03-25|7|6|West Dawnmouth, Uganda|South America|243|243
244|5C 39114|670|2018-03-24|4|3|North Thomas, Falkland Islands (Malvinas)|South America|244|244
245|073 FVY|412|2018-05-20|17|10|Clayville, Benin|North America|245|245
246|065-SHSI|557|2003-06-15|9|4|Hawkinsburgh, Anguilla|South America|246|246
247|DUS-0432|495|2019-04-16|10|6|East Joan, Saint Martin|Antarctica|247|247
248|KGG 324|462|2006-12-28|11|10|Lake Shannonberg, Antigua and Barbuda|Africa|248|248
249|X54 6XG|644|1996-07-18|8|5|Port Rachelfort, Honduras|Asia|249|249
250|0FL8261|703|1994-03-13|10|2|East Charles, Israel|South America|250|250
251|NHW F48|216|2015-08-05|10|2|Oliviaburgh, Switzerland|Europe|251|251
252|93R 762|207|2012-02-05|13|6|Ramirezview, Netherlands|South America|252|252
253|0X Z3646|368|2017-08-06|6|1|Hoshire, Brazil|Europe|253|253
254|EBH 818|380|2007-08-14|6|3|Blankenshipshire, Rwanda|South America|254|254
255|EBQ-2832|669|1999-06-29|11|9|New Micheleside, Turks and Caicos Islands|Australia|255|255
256|HRR-158|314|2009-08-07|8|6|West Joseside, Burkina Faso|South America|256|256
257|KBN 732|254|2018-08-17|17|8|Lake Daisy, Malaysia|North America|257|257
258|TO 1681|517|2016-05-30|10|2|Stevenview, Tanzania|South America|258|258
259|0ABY 00|665|2020-09-01|18|8|North Marcusshire, Belgium|Asia|259|259
260|178-WGP|261|2013-05-05|11|10|Briantown, Saint Helena|North America|260|260
261|LKM 184|289|2016-11-30|9|5|Joseland, Mauritius|North America|261|261
262|TV 9874|576|2008-01-08|18|8|East Gregoryport, Macao|North America|262|262
263|Z56-70B|401|2008-07-25|14|7|Mcdonaldton, Nepal|Antarctica|263|263
264|365AVI|531|2012-12-21|11|2|Christopherhaven, Falkland Islands (Malvinas)|South America|264|264
265|EMM 9136|242|1996-05-22|13|4|Williammouth, Heard Island and McDonald Islands|Australia|265|265
266|42BL9|532|2004-01-30|11|6|New Jenniferfort, Austria|South America|266|266
267|3-69987G|589|2012-05-04|14|3|Kristintown, Sierra Leone|Antarctica|267|267
268|Y82-21U|748|1993-05-17|16|10|Laurieville, Tonga|Antarctica|268|268
269|IQD 880|265|2000-03-18|19|8|Suzanneburgh, Mayotte|South America|269|269
270|P63-HQG|359|2009-04-14|20|10|South Josephberg, Peru|North America|270|270
271|942-EWM|511|2009-01-22|14|7|Rickeyburgh, Angola|Asia|271|271
272|25N 8631|631|2001-11-04|12|10|Christopherton, Swaziland|Africa|272|272
273|255-JUM|629|2017-02-01|6|3|Michelleton, Colombia|South America|273|273
274|ZH5 X5V|372|2009-10-20|10|6|West James, Tonga|Europe|274|274
275|AVC 764|707|2005-04-20|9|0|Michellehaven, Montserrat|South America|275|275
276|QAY 3153|638|2010-03-25|17|9|Port Toni, Greenland|South America|276|276
277|9EO 050|785|2001-03-02|13|5|Port Kellyborough, United States Virgin Islands|Asia|277|277
278|5G Y3849|314|2002-01-11|14|3|South Jessicaberg, Sri Lanka|North America|278|278
279|CDW T78|355|2007-03-07|17|7|New Brandonborough, Dominican Republic|North America|279|279
280|3CU V73|352|1995-11-23|17|10|Schneiderbury, Armenia|Europe|280|280
281|1-19875B|391|2004-07-22|6|1|South Susanchester, Slovakia (Slovak Republic)|Antarctica|281|281
282|XQA-0230|614|2018-11-22|6|4|New Danielchester, Bouvet Island (Bouvetoya)|North America|282|282
283|ETQ-0365|255|2007-05-19|9|5|Bakerport, Swaziland|North America|283|283
284|60D 936|257|2003-10-30|10|1|Denniston, Belarus|Australia|284|284
285|189 TCZ|271|2001-01-25|14|4|New Kellybury, Indonesia|Africa|285|285
286|PKA 9263|793|1997-02-11|19|10|East Catherine, Macedonia|Asia|286|286
287|CH 7455|294|2005-07-17|6|3|North Jonathanton, Qatar|Europe|287|287
288|886-XJE|382|2016-09-24|3|1|Port Michaeltown, Slovakia (Slovak Republic)|Antarctica|288|288
289|6HPM 60|798|2008-12-24|10|7|North Juliechester, Slovakia (Slovak Republic)|Asia|289|289
290|835 BGB|439|2004-08-07|12|6|Wilkersonland, Svalbard & Jan Mayen Islands|Australia|290|290
291|6-2715A|420|2016-08-30|9|7|North Stephanie, Seychelles|North America|291|291
292|5I K0688|768|1997-07-20|6|5|Armstrongfort, Nigeria|South America|292|292
293|NYR-293|468|2009-02-26|10|2|Kellyton, Brazil|South America|293|293
294|0J 8735R|682|2001-06-18|17|6|South Michelle, United States Minor Outlying Islands|South America|294|294
295|XQE-6033|700|2013-04-05|11|4|Christinaville, Austria|Africa|295|295
296|VLO W09|615|2019-04-15|12|10|New Michealshire, Morocco|North America|296|296
297|CZJ4920|599|2015-08-17|10|7|Braunshire, Sri Lanka|Africa|297|297
298|ZMY 999|542|2012-08-10|4|3|Wangshire, Sri Lanka|South America|298|298
299|8YV J99|679|2016-09-10|18|10|Davishaven, French Polynesia|Africa|299|299
300|RZ 5969|440|1999-10-03|19|9|West Annette, French Polynesia|Antarctica|300|300
301|993 YQJ|312|1997-04-08|8|3|North Jackson, Slovakia (Slovak Republic)|South America|301|301
302|6J YE698|222|1993-03-04|12|2|Deantown, Micronesia|Australia|302|302
303|E76-MUD|511|1992-05-07|13|7|Thompsonborough, Georgia|North America|303|303
304|XHQ-935|545|2014-02-10|9|4|Debrahaven, Burundi|North America|304|304
305|04RY0|503|2003-01-14|7|1|Clayville, Cambodia|Africa|305|305
306|STN 508|205|2018-09-08|10|8|South Brittany, Guinea-Bissau|Antarctica|306|306
307|418 VEN|798|2004-04-27|12|8|Cooperland, Uzbekistan|Africa|307|307
308|7A R6123|309|2018-10-10|14|4|Ashleyville, El Salvador|North America|308|308
309|MYI 682|383|1999-07-01|16|10|Melissaview, Nigeria|Africa|309|309
310|300 AFP|538|2014-01-11|8|1|Burkefurt, Bahrain|Africa|310|310
311|8DYM311|321|2014-01-18|14|8|Port Cheryl, Swaziland|Antarctica|311|311
312|0168|612|1993-03-19|3|2|Christopherland, Togo|Europe|312|312
313|KBO-6283|319|2020-12-21|14|10|Mayberg, Australia|Australia|313|313
314|LHU 440|228|2008-02-28|14|4|Ramosport, India|Asia|314|314
315|HBW 726|429|2017-04-08|14|6|Powersberg, Guatemala|Antarctica|315|315
316|776 RZC|782|1992-12-06|5|4|New Holly, Netherlands Antilles|South America|316|316
317|068-YYI|253|2014-04-07|16|9|Carlosborough, Congo|Antarctica|317|317
318|O 312552|462|1998-03-16|18|7|Ruthfurt, Botswana|Africa|318|318
319|817 0321|590|1993-12-25|14|3|North Noah, Cyprus|South America|319|319
320|6-38527|509|2008-03-05|16|7|Nicholasborough, Cuba|Australia|320|320
321|84-CV44|584|2011-06-22|4|0|Lake Susanshire, Gibraltar|Australia|321|321
322|801EMJ|249|2005-12-24|17|10|Justinton, Dominica|Asia|322|322
323|41-GV67|303|2009-06-26|17|8|East Rebeccafort, Papua New Guinea|South America|323|323
324|021 FFC|574|2021-03-10|13|8|Shannonshire, Martinique|Antarctica|324|324
325|LDU 348|577|2005-08-05|20|10|New Amy, Saint Pierre and Miquelon|North America|325|325
326|ZXV-973|420|2017-02-04|14|3|Delacruzbury, Tunisia|Africa|326|326
327|285 HDQ|472|2005-03-16|14|5|West Jeremymouth, Saint Vincent and the Grenadines|North America|327|327
328|986 PZW|581|2005-01-05|12|2|South Timothyton, Iraq|Africa|328|328
329|HMQ-2050|601|2004-02-09|13|10|North Donna, Chile|North America|329|329
330|LHU 552|466|1994-03-30|6|1|Sheltonstad, American Samoa|Antarctica|330|330
331|1RO4692|697|2016-03-26|6|5|New Deniseburgh, Barbados|Antarctica|331|331
332|967 9EK|233|1992-08-26|13|10|Joeside, France|Antarctica|332|332
333|050 AFE|763|2011-11-25|9|2|Lake Meagan, Jersey|Asia|333|333
334|4TW 842|589|2001-06-15|12|4|Meghanhaven, Mexico|Europe|334|334
335|CUC-4578|326|2008-07-30|6|0|Riverston, Puerto Rico|Asia|335|335
336|OCL 238|524|2004-12-22|13|10|Myersborough, Mauritania|Europe|336|336
337|20-97461|334|2012-03-14|7|3|Lake Courtneymouth, Lithuania|Australia|337|337
338|82R PM9|509|2010-11-10|16|6|Wagnerberg, Taiwan|Africa|338|338
339|937 0KQ|665|2018-03-17|5|3|Erintown, Iran|Australia|339|339
340|F35 0VU|443|2014-12-22|5|1|Nicolestad, Saudi Arabia|Antarctica|340|340
341|579-MXT|613|1992-08-12|18|8|Lake Davidview, United Arab Emirates|North America|341|341
342|554 FYX|260|1999-11-09|5|2|New Phillip, Namibia|Africa|342|342
343|GEL 942|797|2013-01-10|7|4|Lake Stephanie, Pitcairn Islands|Europe|343|343
344|XSI-633|516|2009-11-22|16|6|West Richardview, Belgium|Asia|344|344
345|5V285|519|2015-11-21|8|4|Thompsonmouth, Iceland|Antarctica|345|345
346|ZSF 693|356|2020-11-08|14|3|West Alyssa, Slovenia|Australia|346|346
347|1L381|426|2010-05-12|4|1|Woodtown, Zambia|Asia|347|347
348|P68 5QI|640|1991-11-04|10|4|Katelynport, Sweden|South America|348|348
349|HA3 4918|544|2019-05-11|11|9|Port Danielfort, Nepal|South America|349|349
350|859-FBG|558|1999-05-05|12|4|Lauraland, Taiwan|Europe|350|350
351|41G M54|298|2006-09-30|8|7|West Mariaborough, Botswana|North America|351|351
352|5X F9367|680|2016-01-28|18|8|East Laurenmouth, Thailand|Antarctica|352|352
353|421 BAT|631|2000-12-14|15|7|North Kimberlyburgh, Korea|Asia|353|353
354|987-TQD|471|2010-05-31|13|10|New Jessicaberg, Saudi Arabia|North America|354|354
355|238-AIL|362|2009-03-26|13|9|Richardberg, Vietnam|South America|355|355
356|6RZ6059|585|2008-07-16|4|1|Sparksmouth, Martinique|Europe|356|356
357|42-I275|675|2008-09-01|14|7|Tonyaview, Mauritania|South America|357|357
358|KXS-6559|687|2001-02-09|5|0|New David, New Zealand|Africa|358|358
359|C65 0ZW|677|1995-12-10|14|3|North Bradport, Holy See (Vatican City State)|Africa|359|359
360|H31 3SU|757|1995-10-09|16|8|Port Markmouth, Bangladesh|Antarctica|360|360
361|5A 57083|633|2012-11-10|4|2|Petersburgh, Pitcairn Islands|Africa|361|361
362|JJ-4889|677|2004-05-05|16|7|Willisfort, Cambodia|North America|362|362
363|WHN-7746|293|1996-05-27|10|3|East Michaelhaven, Saint Vincent and the Grenadines|Australia|363|363
364|FLJ3183|544|2018-09-17|11|10|Lake Amy, Suriname|Antarctica|364|364
365|XEG C23|651|2011-12-13|18|10|Port Deanna, Nigeria|South America|365|365
366|601 TCB|603|2008-12-27|7|4|South Jose, Cayman Islands|Europe|366|366
367|8W 75082|787|2017-05-28|12|5|Powellland, Papua New Guinea|Africa|367|367
368|25F•775|243|2000-03-02|11|4|Annaview, Liberia|South America|368|368
369|MES0529|653|1994-05-19|13|4|Reyesside, Dominican Republic|Asia|369|369
370|DMB 827|542|1995-06-04|4|1|Thompsonmouth, Poland|Asia|370|370
371|3G O9920|451|2002-05-25|13|9|East Eric, Zimbabwe|Europe|371|371
372|936-216|798|2018-07-05|3|1|Dianeshire, Belarus|South America|372|372
373|J82 3HR|574|1996-12-22|12|4|Denisebury, Somalia|Africa|373|373
374|584 4RG|770|2005-07-12|13|7|South Jennymouth, Saint Pierre and Miquelon|Antarctica|374|374
375|643-PHF|437|1991-12-23|15|7|Joseview, Montserrat|North America|375|375
376|TWX-1279|507|2019-05-18|5|2|Smithshire, China|Antarctica|376|376
377|20-C539|616|2007-04-02|10|6|Higginsborough, Liechtenstein|North America|377|377
378|KES8832|296|1996-05-21|13|6|Port Emmaville, Burkina Faso|Australia|378|378
379|08M X32|664|1992-08-03|13|8|West Kathleenfort, Netherlands|Antarctica|379|379
380|8O889|712|2006-03-23|12|7|Francesstad, Papua New Guinea|North America|380|380
381|860 LFH|665|2018-06-26|7|0|East Andreport, Dominica|Australia|381|381
382|951-UCS|299|2006-12-20|12|7|West Maryburgh, Zimbabwe|Africa|382|382
383|9X 10292|448|2017-10-27|3|0|Elizabethland, Gabon|Africa|383|383
384|P 483093|580|1991-06-24|10|0|Gayland, Cote d'Ivoire|Australia|384|384
385|7S191|200|1996-04-01|11|5|Williamsberg, Saint Martin|Antarctica|385|385
386|DGF 176|556|2007-03-09|5|1|North Darius, Sierra Leone|Africa|386|386
387|166-VCD|729|1994-11-12|11|10|East Bobby, Nicaragua|Australia|387|387
388|2BO 587|579|1999-10-09|7|2|New Julie, Croatia|North America|388|388
389|JSG6653|504|2009-07-21|7|6|Lake Haroldport, Singapore|Europe|389|389
390|DEY 421|495|1994-05-17|7|6|Andrewside, Pitcairn Islands|Antarctica|390|390
391|UQE 509|622|2013-12-07|9|1|Tinaberg, Nauru|North America|391|391
392|935MEA|682|2003-03-21|5|1|Francoland, Sudan|Europe|392|392
393|XUA-3995|223|1995-09-03|16|6|Colonville, Denmark|Australia|393|393
394|24D•365|769|2010-01-05|10|5|Amberfurt, Gambia|North America|394|394
395|3-0412E|723|1992-03-07|2|0|South Sarah, Jamaica|Antarctica|395|395
396|L73 8TF|400|2008-02-23|8|7|Bruceton, Kenya|Africa|396|396
397|6XC 690|328|2005-05-04|8|0|East David, Finland|Africa|397|397
398|UDK 5420|608|1998-11-09|5|3|Antonioton, British Virgin Islands|Africa|398|398
399|797 TLM|580|2003-11-07|14|4|Orozcoport, Niger|South America|399|399
400|554-LOS|285|2005-10-10|4|1|East John, Tajikistan|North America|400|400
401|EZI O60|359|1995-01-26|11|4|New Brianville, South Georgia and the South Sandwich Islands|Australia|401|401
402|068 DBG|433|1999-02-17|14|7|South Raymondland, Liechtenstein|Africa|402|402
403|HNQ 080|766|2008-11-23|7|0|Port Jessicastad, Kiribati|Australia|403|403
404|ESA X15|450|2015-04-10|8|2|South Christopherhaven, Armenia|South America|404|404
405|1-30735O|773|1994-01-08|15|8|Port Monicastad, Malta|Europe|405|405
406|362PJ|234|1995-03-13|10|7|North Andre, Jordan|Australia|406|406
407|LLR 857|308|2005-10-20|7|6|Carlsonfort, Antarctica (the territory South of 60 deg S)|Europe|407|407
408|8D 05339|555|2005-01-03|10|9|Port Lisa, Wallis and Futuna|Europe|408|408
409|66-I621|328|2003-04-30|12|7|New Johnberg, Reunion|Europe|409|409
410|A66-BBI|361|2005-10-15|14|9|West Tammyshire, Anguilla|Antarctica|410|410
411|1-10797|421|2013-12-27|10|1|Martinezview, Argentina|Antarctica|411|411
412|938 XUI|307|2017-06-13|8|4|Port Jenniferview, Montenegro|Africa|412|412
413|1KH5204|324|2012-01-31|8|6|Port Brittanyfort, Vanuatu|Australia|413|413
414|ZTQ 731|675|1998-01-25|12|9|Garzaville, Suriname|Asia|414|414
415|98-4166M|578|1994-09-12|3|1|East Todd, Zambia|Europe|415|415
416|433PPS|734|2019-08-01|20|10|Port Marcus, Cocos (Keeling) Islands|Antarctica|416|416
417|8X 99499|521|1995-03-09|18|9|Romanland, Rwanda|Antarctica|417|417
418|FN2 0370|382|2008-11-07|7|1|Weissside, Tanzania|South America|418|418
419|ZDC 602|662|2013-10-16|11|4|Lake Lindaview, Bhutan|Asia|419|419
420|599 ZCH|435|2008-10-05|5|2|Lesterville, Belize|North America|420|420
421|88-A948|256|1992-05-07|17|7|New Sarahview, Gabon|Antarctica|421|421
422|EFY-175|267|2009-01-25|9|4|New Tonya, Macedonia|Africa|422|422
423|200 OAR|293|2000-02-20|21|10|South Thomasfort, Papua New Guinea|Asia|423|423
424|236914|300|2011-07-30|4|2|Davisland, Vietnam|Australia|424|424
425|HQP 942|409|2011-09-21|4|0|Castrohaven, Canada|Africa|425|425
426|697 0409|507|2003-05-18|3|2|Lake David, United Kingdom|Australia|426|426
427|961560|283|2008-02-17|18|7|East Tony, Peru|Africa|427|427
428|RRH 565|417|1994-12-13|11|5|Carpenterfurt, Cocos (Keeling) Islands|North America|428|428
429|UBT 649|729|2004-02-11|9|0|Payneview, Vietnam|North America|429|429
430|78N AI4|754|1996-06-21|2|1|South Alexanderside, Guadeloupe|Africa|430|430
431|MEF L93|636|2019-05-26|16|6|Hillside, Brunei Darussalam|Europe|431|431
432|3QS4868|610|2015-01-06|10|3|New Blake, Jordan|Europe|432|432
433|IMP2879|735|2010-11-25|17|8|South Andrewland, Benin|Antarctica|433|433
434|935 CGD|715|2013-10-21|13|6|Port Morgan, Rwanda|Antarctica|434|434
435|3-37605D|669|1997-08-28|18|7|North Samantha, Gibraltar|Asia|435|435
436|QDM-502|706|2003-07-27|17|7|Karenfort, Cameroon|Europe|436|436
437|DT1 6503|539|2015-01-10|17|6|Joshuashire, Israel|Asia|437|437
438|CP7 Y1X|382|2017-08-04|12|1|Lake Jonathan, Martinique|Australia|438|438
439|088 0YR|481|2020-10-13|11|3|Murrayside, Cameroon|Australia|439|439
440|IC-7468|428|2020-02-26|14|3|Port Jeremymouth, Niger|Australia|440|440
441|LMU 648|506|2005-09-03|20|10|Lake Theresa, Indonesia|Africa|441|441
442|TRO-4869|448|2001-12-08|11|5|West Matthewview, Germany|North America|442|442
443|19BD2|561|2015-11-21|10|8|North Megan, Slovakia (Slovak Republic)|North America|443|443
444|605-LHW|548|1995-03-03|9|5|South Christianton, Denmark|Australia|444|444
445|86R 365|798|1999-10-07|12|3|Daughertyberg, Bolivia|Antarctica|445|445
446|590 SIK|416|2004-03-15|10|9|Smithtown, Nauru|South America|446|446
447|USJ 248|500|2011-01-21|11|4|Haroldport, Uruguay|South America|447|447
448|8MV I96|379|2005-12-26|3|1|Jenkinsmouth, Somalia|Africa|448|448
449|2-I0456|233|2020-09-30|10|3|Tracymouth, Guam|Asia|449|449
450|ASO-453|729|1997-11-07|16|6|South Davidstad, Eritrea|Antarctica|450|450
451|MZ2 E6U|588|2002-10-04|12|10|Brianfurt, Niue|Asia|451|451
452|5TT3006|407|1996-10-05|18|8|North Gregory, French Polynesia|North America|452|452
453|LYZ 767|218|2014-12-03|4|0|Collinsberg, Serbia|Australia|453|453
454|011 TCM|632|1997-04-30|11|5|Jennaville, Bermuda|Antarctica|454|454
455|860 QIR|418|1991-07-09|11|3|North Thomashaven, Indonesia|Europe|455|455
456|231-WPR|373|1997-03-11|4|1|Scotttown, Venezuela|Australia|456|456
457|264O|626|2020-04-28|14|3|Lake Lisa, Belarus|North America|457|457
458|XD 2038|218|1999-11-10|12|3|Lake Kathleen, Lesotho|South America|458|458
459|9HNL 68|486|1992-12-11|13|7|Spencerburgh, Heard Island and McDonald Islands|North America|459|459
460|QF4 2183|535|2008-06-09|14|3|Nataliestad, South Georgia and the South Sandwich Islands|Australia|460|460
461|4-00644|773|2013-07-09|15|7|Justinmouth, Guadeloupe|Africa|461|461
462|EGC-1232|452|2015-07-26|18|7|Mitchellside, New Zealand|Australia|462|462
463|7-9177X|313|2017-08-18|17|7|Duranbury, Papua New Guinea|Antarctica|463|463
464|UUV 272|398|1992-05-09|10|7|Port Marissa, Martinique|Antarctica|464|464
465|7VF C50|206|2013-08-06|5|0|Port Melaniefurt, Egypt|South America|465|465
466|306 IKW|464|2012-01-10|2|0|West Jennifer, Macao|Asia|466|466
467|IT 3534|593|1991-09-17|15|4|Port Samanthaville, Malawi|Australia|467|467
468|784-WMO|507|2008-10-21|17|6|Port Ronaldburgh, Fiji|South America|468|468
469|IV 54460|327|2019-05-30|13|5|Port Amanda, Guyana|South America|469|469
470|CPT 937|591|2015-04-14|11|5|North Darlenemouth, Dominican Republic|Europe|470|470
471|T87 8DE|464|2008-09-30|9|8|Morganfurt, Spain|Africa|471|471
472|S69-88S|271|2017-09-22|8|5|Port Hannah, Bahamas|Africa|472|472
473|271 KPS|500|2000-08-22|15|6|Beckerview, Honduras|North America|473|473
474|8B 6Z4CXT|201|1997-04-07|9|6|Davidborough, Switzerland|Europe|474|474
475|UHS-728|515|1999-04-28|13|2|New Laura, Canada|Europe|475|475
476|706 UVR|382|2019-02-08|6|3|New Jason, China|Africa|476|476
477|QBW 983|527|1997-01-07|13|5|North Bradley, Brazil|Asia|477|477
478|20FH018|426|2004-06-10|13|9|Hamiltonville, Aruba|South America|478|478
479|8987|769|2015-08-20|11|7|Martinezside, Belize|South America|479|479
480|GLM 140|490|2015-12-17|13|10|New Keith, Ghana|Asia|480|480
481|HUC 980|494|2018-01-22|4|2|Hillside, Norway|Australia|481|481
482|GKJ6951|423|1992-06-30|14|7|East Jessicatown, Kuwait|Asia|482|482
483|6-20545|271|2016-07-24|12|1|Kimland, Greenland|Antarctica|483|483
484|666 WBN|250|2000-06-13|7|3|North Alexanderfurt, United States Virgin Islands|North America|484|484
485|134 JCW|589|1991-05-13|9|5|Weaverville, Iran|Asia|485|485
486|97S IY0|385|2009-02-05|5|3|West Kendraborough, Jersey|Antarctica|486|486
487|34-8268R|471|2015-12-31|3|1|Mooremouth, Slovenia|Europe|487|487
488|86QH888|296|2012-12-03|16|9|South Allisonfort, Slovenia|Asia|488|488
489|59C LA6|246|1997-06-15|21|10|Shawnland, Mongolia|Europe|489|489
490|09M•320|662|1994-04-08|9|6|South Nicole, Serbia|South America|490|490
491|898 OU2|606|2004-03-30|13|7|West Tiffanyside, Timor-Leste|Australia|491|491
492|5YS2175|719|2002-09-23|12|6|Teresaville, Kuwait|South America|492|492
493|OJW-127|401|2001-05-29|6|2|Guzmanland, Bhutan|Australia|493|493
494|824 VZU|783|1994-06-09|11|3|Casechester, Ethiopia|Asia|494|494
495|KFE 975|381|2008-09-26|12|3|South Brianview, Saint Helena|Australia|495|495
496|LIE 185|506|2014-06-25|9|1|Nathanton, Ghana|Australia|496|496
497|8-Y2092|293|1995-08-10|5|0|Tylertown, Russian Federation|North America|497|497
498|016 3AX|318|2015-04-08|19|9|Robertton, Kuwait|Antarctica|498|498
499|ZGE 472|621|2008-06-05|1|0|New Cheryl, Tuvalu|Australia|499|499
